SKU,Category,Title,Description,Text,Photo,Price,Quantity,Price Old,Editions,Modifications,External ID,Parent UID,SEO keywords
364ccf1a-7d03-4fe4-bb64-e36775444b5b,Груша;Без коллекции;коричневый,Кофейку бахну,,,https://ikondor.github.io/mawave/output/%D0%9A%D0%BE%D1%84%D0%B5%D0%B9%D0%BA%D1%83%20%D0%B1%D0%B0%D1%85%D0%BD%D1%83:2250:%D0%93%D1%80%D1%83%D1%88%D0%B0;%D0%91%D0%B5%D0%B7%20%D0%BA%D0%BE%D0%BB%D0%BB%D0%B5%D0%BA%D1%86%D0%B8%D0%B8;%D0%BA%D0%BE%D1%80%D0%B8%D1%87%D0%BD%D0%B5%D0%B2%D1%8B%D0%B9:364ccf1a-7d03-4fe4-bb64-e36775444b5b.jpeg,2250,,,,,364ccf1a-7d03-4fe4-bb64-e36775444b5b,,"Купить кружку, Купить посуду, заказать кружку, закзать посуду, купить кружку ручной работы"
bcadc262-1bf8-454b-82f9-25e2584eaec2,Цилиндр;Без коллекции;синий,Кофейку бахну,,,https://ikondor.github.io/mawave/output/%D0%9A%D0%BE%D1%84%D0%B5%D0%B9%D0%BA%D1%83%20%D0%B1%D0%B0%D1%85%D0%BD%D1%83:2350:%D0%A6%D0%B8%D0%BB%D0%B8%D0%BD%D0%B4%D1%80;%D0%91%D0%B5%D0%B7%20%D0%BA%D0%BE%D0%BB%D0%BB%D0%B5%D0%BA%D1%86%D0%B8%D0%B8;%D1%81%D0%B8%D0%BD%D0%B8%D0%B9:bcadc262-1bf8-454b-82f9-25e2584eaec2.jpeg,2350,,,,,bcadc262-1bf8-454b-82f9-25e2584eaec2,,"Купить кружку, Купить посуду, заказать кружку, закзать посуду, купить кружку ручной работы"
c371ba73-2d3e-416a-aaf6-68603b8a9b7a,пивная;Для него;синий,BEER,,,https://ikondor.github.io/mawave/output/BEER:2500:%D0%BF%D0%B8%D0%B2%D0%BD%D0%B0%D1%8F;%D0%94%D0%BB%D1%8F%20%D0%BD%D0%B5%D0%B3%D0%BE;%D1%81%D0%B8%D0%BD%D0%B8%D0%B9:c371ba73-2d3e-416a-aaf6-68603b8a9b7a.jpeg,2500,,,,,c371ba73-2d3e-416a-aaf6-68603b8a9b7a,,"Купить кружку, Купить посуду, заказать кружку, закзать посуду, купить кружку ручной работы"
426df656-68fc-4926-97d7-f5a954a41670,Груша;Без коллекции;бежевый,А смысол,,,https://ikondor.github.io/mawave/output/%D0%90%20%D1%81%D0%BC%D1%8B%D1%81%D0%BE%D0%BB:2250:%D0%93%D1%80%D1%83%D1%88%D0%B0;%D0%91%D0%B5%D0%B7%20%D0%BA%D0%BE%D0%BB%D0%BB%D0%B5%D0%BA%D1%86%D0%B8%D0%B8;%D0%B1%D0%B5%D0%B6%D0%B5%D0%B2%D1%8B%D0%B9:426df656-68fc-4926-97d7-f5a954a41670.jpeg,2250,,,,,426df656-68fc-4926-97d7-f5a954a41670,,"Купить кружку, Купить посуду, заказать кружку, закзать посуду, купить кружку ручной работы"
17ff2670-5922-4ac6-9391-31d0db7ce80c,2350;Цилиндр;18+;коричневый,А что,,,https://ikondor.github.io/mawave/output/%D0%90%20%D1%87%D1%82%D0%BE:%D1%82%D0%B0%D0%BA%20%D0%BC%D0%BE%D0%B6%D0%BD%D0%BE?:2350;%D0%A6%D0%B8%D0%BB%D0%B8%D0%BD%D0%B4%D1%80;18+;%D0%BA%D0%BE%D1%80%D0%B8%D1%87%D0%BD%D0%B5%D0%B2%D1%8B%D0%B9:17ff2670-5922-4ac6-9391-31d0db7ce80c.jpeg,так можно?,,,,,17ff2670-5922-4ac6-9391-31d0db7ce80c,,"Купить кружку, Купить посуду, заказать кружку, закзать посуду, купить кружку ручной работы"
08c7265c-62f5-4d49-994f-b1330917a7b6,Цилиндр;Без коллекции;зелёный,Безумны мои идеи,,,https://ikondor.github.io/mawave/output/%D0%91%D0%B5%D0%B7%D1%83%D0%BC%D0%BD%D1%8B%20%D0%BC%D0%BE%D0%B8%20%D0%B8%D0%B4%D0%B5%D0%B8:2350:%D0%A6%D0%B8%D0%BB%D0%B8%D0%BD%D0%B4%D1%80;%D0%91%D0%B5%D0%B7%20%D0%BA%D0%BE%D0%BB%D0%BB%D0%B5%D0%BA%D1%86%D0%B8%D0%B8;%D0%B7%D0%B5%D0%BB%D1%91%D0%BD%D1%8B%D0%B9:08c7265c-62f5-4d49-994f-b1330917a7b6.jpeg,2350,,,,,08c7265c-62f5-4d49-994f-b1330917a7b6,,"Купить кружку, Купить посуду, заказать кружку, закзать посуду, купить кружку ручной работы"
a78e83e5-c1ec-4c1e-8d09-0f2b50952de8,Груша;Знаки зодиака;синий,Близнецы,,,https://ikondor.github.io/mawave/output/%D0%91%D0%BB%D0%B8%D0%B7%D0%BD%D0%B5%D1%86%D1%8B:2250:%D0%93%D1%80%D1%83%D1%88%D0%B0;%D0%97%D0%BD%D0%B0%D0%BA%D0%B8%20%D0%B7%D0%BE%D0%B4%D0%B8%D0%B0%D0%BA%D0%B0;%D1%81%D0%B8%D0%BD%D0%B8%D0%B9:a78e83e5-c1ec-4c1e-8d09-0f2b50952de8.jpeg,2250,,,,,a78e83e5-c1ec-4c1e-8d09-0f2b50952de8,,"Купить кружку, Купить посуду, заказать кружку, закзать посуду, купить кружку ручной работы"
70b43f09-f801-4119-a4c5-fe8f79ef851b,Груша;Знаки зодиака;синий;-,Весы,,,https://ikondor.github.io/mawave/output/%D0%92%D0%B5%D1%81%D1%8B:2250:%D0%93%D1%80%D1%83%D1%88%D0%B0;%D0%97%D0%BD%D0%B0%D0%BA%D0%B8%20%D0%B7%D0%BE%D0%B4%D0%B8%D0%B0%D0%BA%D0%B0;%D1%81%D0%B8%D0%BD%D0%B8%D0%B9;-:70b43f09-f801-4119-a4c5-fe8f79ef851b.jpeg,2250,,,,,70b43f09-f801-4119-a4c5-fe8f79ef851b,,"Купить кружку, Купить посуду, заказать кружку, закзать посуду, купить кружку ручной работы"
d14498a0-fc16-4ebc-9844-a086475abf69,Груша;Знаки зодиака;синий,Весы,,,https://ikondor.github.io/mawave/output/%D0%92%D0%B5%D1%81%D1%8B:2250:%D0%93%D1%80%D1%83%D1%88%D0%B0;%D0%97%D0%BD%D0%B0%D0%BA%D0%B8%20%D0%B7%D0%BE%D0%B4%D0%B8%D0%B0%D0%BA%D0%B0;%D1%81%D0%B8%D0%BD%D0%B8%D0%B9:d14498a0-fc16-4ebc-9844-a086475abf69.jpeg,2250,,,,,d14498a0-fc16-4ebc-9844-a086475abf69,,"Купить кружку, Купить посуду, заказать кружку, закзать посуду, купить кружку ручной работы"
41831cdd-527a-446c-861e-3ae761f4d3f8,Груша;Знаки зодиака;синий,Володей,,,https://ikondor.github.io/mawave/output/%D0%92%D0%BE%D0%BB%D0%BE%D0%B4%D0%B5%D0%B9:2250:%D0%93%D1%80%D1%83%D1%88%D0%B0;%D0%97%D0%BD%D0%B0%D0%BA%D0%B8%20%D0%B7%D0%BE%D0%B4%D0%B8%D0%B0%D0%BA%D0%B0;%D1%81%D0%B8%D0%BD%D0%B8%D0%B9:41831cdd-527a-446c-861e-3ae761f4d3f8.jpeg,2250,,,,,41831cdd-527a-446c-861e-3ae761f4d3f8,,"Купить кружку, Купить посуду, заказать кружку, закзать посуду, купить кружку ручной работы"
66713358-e806-48f0-a7fc-7a2c018119fe,Груша;18+;бежевый,Давай,,,https://ikondor.github.io/mawave/output/%D0%94%D0%B0%D0%B2%D0%B0%D0%B9:2250:%D0%93%D1%80%D1%83%D1%88%D0%B0;18+;%D0%B1%D0%B5%D0%B6%D0%B5%D0%B2%D1%8B%D0%B9:66713358-e806-48f0-a7fc-7a2c018119fe.jpeg,2250,,,,,66713358-e806-48f0-a7fc-7a2c018119fe,,"Купить кружку, Купить посуду, заказать кружку, закзать посуду, купить кружку ручной работы"
a4927498-08e8-4262-8da1-8b3f3a215cfe,Фундук;18+;бежевый;-,Давай,,,https://ikondor.github.io/mawave/output/%D0%94%D0%B0%D0%B2%D0%B0%D0%B9:2350:%D0%A4%D1%83%D0%BD%D0%B4%D1%83%D0%BA;18+;%D0%B1%D0%B5%D0%B6%D0%B5%D0%B2%D1%8B%D0%B9;-:a4927498-08e8-4262-8da1-8b3f3a215cfe.jpeg,2350,,,,,a4927498-08e8-4262-8da1-8b3f3a215cfe,,"Купить кружку, Купить посуду, заказать кружку, закзать посуду, купить кружку ручной работы"
615654f4-80f6-4f59-bf82-a1516f7c300a,Фундук;сердечки;18+;белый,Давай,,,https://ikondor.github.io/mawave/output/%D0%94%D0%B0%D0%B2%D0%B0%D0%B9:2550:%D0%A4%D1%83%D0%BD%D0%B4%D1%83%D0%BA;%D1%81%D0%B5%D1%80%D0%B4%D0%B5%D1%87%D0%BA%D0%B8;18+;%D0%B1%D0%B5%D0%BB%D1%8B%D0%B9:615654f4-80f6-4f59-bf82-a1516f7c300a.jpeg,2550,,,,,615654f4-80f6-4f59-bf82-a1516f7c300a,,"Купить кружку, Купить посуду, заказать кружку, закзать посуду, купить кружку ручной работы"
b5847485-ce83-4f75-b9ef-3a6c5261966c,Груша;Знаки зодиака;синий,Дева,,,https://ikondor.github.io/mawave/output/%D0%94%D0%B5%D0%B2%D0%B0:2250:%D0%93%D1%80%D1%83%D1%88%D0%B0;%D0%97%D0%BD%D0%B0%D0%BA%D0%B8%20%D0%B7%D0%BE%D0%B4%D0%B8%D0%B0%D0%BA%D0%B0;%D1%81%D0%B8%D0%BD%D0%B8%D0%B9:b5847485-ce83-4f75-b9ef-3a6c5261966c.jpeg,2250,,,,,b5847485-ce83-4f75-b9ef-3a6c5261966c,,"Купить кружку, Купить посуду, заказать кружку, закзать посуду, купить кружку ручной работы"
a0034e8a-4a60-4df7-bc32-d7a706e2ec9e,Фундук;18+;жёлтый,Дохлёбывай,,,https://ikondor.github.io/mawave/output/%D0%94%D0%BE%D1%85%D0%BB%D1%91%D0%B1%D1%8B%D0%B2%D0%B0%D0%B9:2350:%D0%A4%D1%83%D0%BD%D0%B4%D1%83%D0%BA;18+;%D0%B6%D1%91%D0%BB%D1%82%D1%8B%D0%B9:a0034e8a-4a60-4df7-bc32-d7a706e2ec9e.jpeg,2350,,,,,a0034e8a-4a60-4df7-bc32-d7a706e2ec9e,,"Купить кружку, Купить посуду, заказать кружку, закзать посуду, купить кружку ручной работы"
865194ae-0fed-4288-827f-cdec9354044a,Груша;Без коллекции;голубой;-,Душнила,,,https://ikondor.github.io/mawave/output/%D0%94%D1%83%D1%88%D0%BD%D0%B8%D0%BB%D0%B0:2250:%D0%93%D1%80%D1%83%D1%88%D0%B0;%D0%91%D0%B5%D0%B7%20%D0%BA%D0%BE%D0%BB%D0%BB%D0%B5%D0%BA%D1%86%D0%B8%D0%B8;%D0%B3%D0%BE%D0%BB%D1%83%D0%B1%D0%BE%D0%B9;-:865194ae-0fed-4288-827f-cdec9354044a.jpeg,2250,,,,,865194ae-0fed-4288-827f-cdec9354044a,,"Купить кружку, Купить посуду, заказать кружку, закзать посуду, купить кружку ручной работы"
dbf6f5f8-2987-42c0-9106-b817bde25f46,Груша;Без коллекции;голубой,Душнила,,,https://ikondor.github.io/mawave/output/%D0%94%D1%83%D1%88%D0%BD%D0%B8%D0%BB%D0%B0:2250:%D0%93%D1%80%D1%83%D1%88%D0%B0;%D0%91%D0%B5%D0%B7%20%D0%BA%D0%BE%D0%BB%D0%BB%D0%B5%D0%BA%D1%86%D0%B8%D0%B8;%D0%B3%D0%BE%D0%BB%D1%83%D0%B1%D0%BE%D0%B9:dbf6f5f8-2987-42c0-9106-b817bde25f46.jpeg,2250,,,,,dbf6f5f8-2987-42c0-9106-b817bde25f46,,"Купить кружку, Купить посуду, заказать кружку, закзать посуду, купить кружку ручной работы"
7ea5b78c-94ad-4fab-9a45-02fedf86305b,Цилиндр;сердечки;белый,Душнила,,,https://ikondor.github.io/mawave/output/%D0%94%D1%83%D1%88%D0%BD%D0%B8%D0%BB%D0%B0:2550:%D0%A6%D0%B8%D0%BB%D0%B8%D0%BD%D0%B4%D1%80;%D1%81%D0%B5%D1%80%D0%B4%D0%B5%D1%87%D0%BA%D0%B8;%D0%B1%D0%B5%D0%BB%D1%8B%D0%B9:7ea5b78c-94ad-4fab-9a45-02fedf86305b.jpeg,2550,,,,,7ea5b78c-94ad-4fab-9a45-02fedf86305b,,"Купить кружку, Купить посуду, заказать кружку, закзать посуду, купить кружку ручной работы"
61249db9-6022-4bbe-a974-d0cf608cdefa,Конус;сердечки;белый,Душнила,,,https://ikondor.github.io/mawave/output/%D0%94%D1%83%D1%88%D0%BD%D0%B8%D0%BB%D0%B0:2700:%D0%9A%D0%BE%D0%BD%D1%83%D1%81;%D1%81%D0%B5%D1%80%D0%B4%D0%B5%D1%87%D0%BA%D0%B8;%D0%B1%D0%B5%D0%BB%D1%8B%D0%B9:61249db9-6022-4bbe-a974-d0cf608cdefa.jpeg,2700,,,,,61249db9-6022-4bbe-a974-d0cf608cdefa,,"Купить кружку, Купить посуду, заказать кружку, закзать посуду, купить кружку ручной работы"
c3643770-1bdc-422b-9199-c48cfcb3257f,Груша;набор;серый;бежевый;---,Душнила,,,https://ikondor.github.io/mawave/output/%D0%94%D1%83%D1%88%D0%BD%D0%B8%D0%BB%D0%B0:6000:%D0%93%D1%80%D1%83%D1%88%D0%B0;%D0%BD%D0%B0%D0%B1%D0%BE%D1%80;%D1%81%D0%B5%D1%80%D1%8B%D0%B9;%D0%B1%D0%B5%D0%B6%D0%B5%D0%B2%D1%8B%D0%B9;---:c3643770-1bdc-422b-9199-c48cfcb3257f.jpeg,6000,,,,,c3643770-1bdc-422b-9199-c48cfcb3257f,,"Купить кружку, Купить посуду, заказать кружку, закзать посуду, купить кружку ручной работы"
f29790c4-cc40-44eb-a10c-acba792554f2,Груша;набор;серый;бежевый;--,Душнила,,,https://ikondor.github.io/mawave/output/%D0%94%D1%83%D1%88%D0%BD%D0%B8%D0%BB%D0%B0:6000:%D0%93%D1%80%D1%83%D1%88%D0%B0;%D0%BD%D0%B0%D0%B1%D0%BE%D1%80;%D1%81%D0%B5%D1%80%D1%8B%D0%B9;%D0%B1%D0%B5%D0%B6%D0%B5%D0%B2%D1%8B%D0%B9;--:f29790c4-cc40-44eb-a10c-acba792554f2.jpeg,6000,,,,,f29790c4-cc40-44eb-a10c-acba792554f2,,"Купить кружку, Купить посуду, заказать кружку, закзать посуду, купить кружку ручной работы"
943a8947-c33e-4ace-9820-9bd2f8368837,Груша;набор;серый;бежевый;-,Душнила,,,https://ikondor.github.io/mawave/output/%D0%94%D1%83%D1%88%D0%BD%D0%B8%D0%BB%D0%B0:6000:%D0%93%D1%80%D1%83%D1%88%D0%B0;%D0%BD%D0%B0%D0%B1%D0%BE%D1%80;%D1%81%D0%B5%D1%80%D1%8B%D0%B9;%D0%B1%D0%B5%D0%B6%D0%B5%D0%B2%D1%8B%D0%B9;-:943a8947-c33e-4ace-9820-9bd2f8368837.jpeg,6000,,,,,943a8947-c33e-4ace-9820-9bd2f8368837,,"Купить кружку, Купить посуду, заказать кружку, закзать посуду, купить кружку ручной работы"
579cc849-baa6-4cbb-bd41-521b84cfc744,Груша;набор;серый;бежевый,Душнила,,,https://ikondor.github.io/mawave/output/%D0%94%D1%83%D1%88%D0%BD%D0%B8%D0%BB%D0%B0:6000:%D0%93%D1%80%D1%83%D1%88%D0%B0;%D0%BD%D0%B0%D0%B1%D0%BE%D1%80;%D1%81%D0%B5%D1%80%D1%8B%D0%B9;%D0%B1%D0%B5%D0%B6%D0%B5%D0%B2%D1%8B%D0%B9:579cc849-baa6-4cbb-bd41-521b84cfc744.jpeg,6000,,,,,579cc849-baa6-4cbb-bd41-521b84cfc744,,"Купить кружку, Купить посуду, заказать кружку, закзать посуду, купить кружку ручной работы"
18ac14fa-a8bd-4bf1-b7cd-2366545bd022,Конус;Без коллекции;сиреневый,Дэвочкам можно всё,,,https://ikondor.github.io/mawave/output/%D0%94%D1%8D%D0%B2%D0%BE%D1%87%D0%BA%D0%B0%D0%BC%20%D0%BC%D0%BE%D0%B6%D0%BD%D0%BE%20%D0%B2%D1%81%D1%91:2500:%D0%9A%D0%BE%D0%BD%D1%83%D1%81;%D0%91%D0%B5%D0%B7%20%D0%BA%D0%BE%D0%BB%D0%BB%D0%B5%D0%BA%D1%86%D0%B8%D0%B8;%D1%81%D0%B8%D1%80%D0%B5%D0%BD%D0%B5%D0%B2%D1%8B%D0%B9:18ac14fa-a8bd-4bf1-b7cd-2366545bd022.jpeg,2500,,,,,18ac14fa-a8bd-4bf1-b7cd-2366545bd022,,"Купить кружку, Купить посуду, заказать кружку, закзать посуду, купить кружку ручной работы"
dbb13a7f-ceec-4925-83fb-9dba3624d825,груша;18+;чёрный,Ебашь,,,https://ikondor.github.io/mawave/output/%D0%95%D0%B1%D0%B0%D1%88%D1%8C:2250:%D0%B3%D1%80%D1%83%D1%88%D0%B0;18+;%D1%87%D1%91%D1%80%D0%BD%D1%8B%D0%B9:dbb13a7f-ceec-4925-83fb-9dba3624d825.jpeg,2250,,,,,dbb13a7f-ceec-4925-83fb-9dba3624d825,,"Купить кружку, Купить посуду, заказать кружку, закзать посуду, купить кружку ручной работы"
57b9137d-1182-49de-b9ed-7326db92ad07,Цилиндр;18+;синий;жёлтый;-2,Ебашь,,,https://ikondor.github.io/mawave/output/%D0%95%D0%B1%D0%B0%D1%88%D1%8C:2350:%D0%A6%D0%B8%D0%BB%D0%B8%D0%BD%D0%B4%D1%80;18+;%D1%81%D0%B8%D0%BD%D0%B8%D0%B9;%D0%B6%D1%91%D0%BB%D1%82%D1%8B%D0%B9;-2:57b9137d-1182-49de-b9ed-7326db92ad07.jpeg,2350,,,,,57b9137d-1182-49de-b9ed-7326db92ad07,,"Купить кружку, Купить посуду, заказать кружку, закзать посуду, купить кружку ручной работы"
77d06d85-4811-483c-8854-aa9c1c8ef748,Цилиндр;18+;чёрный;-,Ебись оно конём,,,https://ikondor.github.io/mawave/output/%D0%95%D0%B1%D0%B8%D1%81%D1%8C%20%D0%BE%D0%BD%D0%BE%20%D0%BA%D0%BE%D0%BD%D1%91%D0%BC:2350:%D0%A6%D0%B8%D0%BB%D0%B8%D0%BD%D0%B4%D1%80;18+;%D1%87%D1%91%D1%80%D0%BD%D1%8B%D0%B9;-:77d06d85-4811-483c-8854-aa9c1c8ef748.jpeg,2350,,,,,77d06d85-4811-483c-8854-aa9c1c8ef748,,"Купить кружку, Купить посуду, заказать кружку, закзать посуду, купить кружку ручной работы"
e54baabe-9f47-49ef-83a6-c6a73bef233b,Цилиндр;18+;чёрный,Ебись оно конём,,,https://ikondor.github.io/mawave/output/%D0%95%D0%B1%D0%B8%D1%81%D1%8C%20%D0%BE%D0%BD%D0%BE%20%D0%BA%D0%BE%D0%BD%D1%91%D0%BC:2350:%D0%A6%D0%B8%D0%BB%D0%B8%D0%BD%D0%B4%D1%80;18+;%D1%87%D1%91%D1%80%D0%BD%D1%8B%D0%B9:e54baabe-9f47-49ef-83a6-c6a73bef233b.jpeg,2350,,,,,e54baabe-9f47-49ef-83a6-c6a73bef233b,,"Купить кружку, Купить посуду, заказать кружку, закзать посуду, купить кружку ручной работы"
1c218dd2-20a2-46ec-bb49-69a0615560b5,Груша;Без коллекции;фиолетовый,Женщине много не надо,,,https://ikondor.github.io/mawave/output/%D0%96%D0%B5%D0%BD%D1%89%D0%B8%D0%BD%D0%B5%20%D0%BC%D0%BD%D0%BE%D0%B3%D0%BE%20%D0%BD%D0%B5%20%D0%BD%D0%B0%D0%B4%D0%BE:2250:%D0%93%D1%80%D1%83%D1%88%D0%B0;%D0%91%D0%B5%D0%B7%20%D0%BA%D0%BE%D0%BB%D0%BB%D0%B5%D0%BA%D1%86%D0%B8%D0%B8;%D1%84%D0%B8%D0%BE%D0%BB%D0%B5%D1%82%D0%BE%D0%B2%D1%8B%D0%B9:1c218dd2-20a2-46ec-bb49-69a0615560b5.jpeg,2250,,,,,1c218dd2-20a2-46ec-bb49-69a0615560b5,,"Купить кружку, Купить посуду, заказать кружку, закзать посуду, купить кружку ручной работы"
1765b38a-854f-4eb8-89b5-e22a38f5b1fb,Груша;Знаки зодиака;синий,Козерог,,,https://ikondor.github.io/mawave/output/%D0%9A%D0%BE%D0%B7%D0%B5%D1%80%D0%BE%D0%B3:2250:%D0%93%D1%80%D1%83%D1%88%D0%B0;%D0%97%D0%BD%D0%B0%D0%BA%D0%B8%20%D0%B7%D0%BE%D0%B4%D0%B8%D0%B0%D0%BA%D0%B0;%D1%81%D0%B8%D0%BD%D0%B8%D0%B9:1765b38a-854f-4eb8-89b5-e22a38f5b1fb.jpeg,2250,,,,,1765b38a-854f-4eb8-89b5-e22a38f5b1fb,,"Купить кружку, Купить посуду, заказать кружку, закзать посуду, купить кружку ручной работы"
35370588-ff01-4225-bb7e-a834086381fc,груша;сердечки;18+;белый,Малышечка,,,https://ikondor.github.io/mawave/output/%D0%9C%D0%B0%D0%BB%D1%8B%D1%88%D0%B5%D1%87%D0%BA%D0%B0:2450:%D0%B3%D1%80%D1%83%D1%88%D0%B0;%D1%81%D0%B5%D1%80%D0%B4%D0%B5%D1%87%D0%BA%D0%B8;18+;%D0%B1%D0%B5%D0%BB%D1%8B%D0%B9:35370588-ff01-4225-bb7e-a834086381fc.jpeg,2450,,,,,35370588-ff01-4225-bb7e-a834086381fc,,"Купить кружку, Купить посуду, заказать кружку, закзать посуду, купить кружку ручной работы"
92fc9b21-b23e-4d22-be1e-321206b0e311,2250;Груша;Без коллекции;бежевый,Мда,,,https://ikondor.github.io/mawave/output/%D0%9C%D0%B4%D0%B0:%D1%82%D1%80%D0%B5%D1%88:2250;%D0%93%D1%80%D1%83%D1%88%D0%B0;%D0%91%D0%B5%D0%B7%20%D0%BA%D0%BE%D0%BB%D0%BB%D0%B5%D0%BA%D1%86%D0%B8%D0%B8;%D0%B1%D0%B5%D0%B6%D0%B5%D0%B2%D1%8B%D0%B9:92fc9b21-b23e-4d22-be1e-321206b0e311.jpeg,треш,,,,,92fc9b21-b23e-4d22-be1e-321206b0e311,,"Купить кружку, Купить посуду, заказать кружку, закзать посуду, купить кружку ручной работы"
cd4b64a3-22a0-4d0e-b25b-716b450588a8,2250;Груша;Без коллекции;белый,Мда,,,https://ikondor.github.io/mawave/output/%D0%9C%D0%B4%D0%B0:%D1%82%D1%80%D0%B5%D1%88:2250;%D0%93%D1%80%D1%83%D1%88%D0%B0;%D0%91%D0%B5%D0%B7%20%D0%BA%D0%BE%D0%BB%D0%BB%D0%B5%D0%BA%D1%86%D0%B8%D0%B8;%D0%B1%D0%B5%D0%BB%D1%8B%D0%B9:cd4b64a3-22a0-4d0e-b25b-716b450588a8.jpeg,треш,,,,,cd4b64a3-22a0-4d0e-b25b-716b450588a8,,"Купить кружку, Купить посуду, заказать кружку, закзать посуду, купить кружку ручной работы"
cfd56103-9a0c-4e11-9859-fb458de7ec23,2250;Груша;Без коллекции;коричневый,Мда,,,https://ikondor.github.io/mawave/output/%D0%9C%D0%B4%D0%B0:%D1%82%D1%80%D0%B5%D1%88:2250;%D0%93%D1%80%D1%83%D1%88%D0%B0;%D0%91%D0%B5%D0%B7%20%D0%BA%D0%BE%D0%BB%D0%BB%D0%B5%D0%BA%D1%86%D0%B8%D0%B8;%D0%BA%D0%BE%D1%80%D0%B8%D1%87%D0%BD%D0%B5%D0%B2%D1%8B%D0%B9:cfd56103-9a0c-4e11-9859-fb458de7ec23.jpeg,треш,,,,,cfd56103-9a0c-4e11-9859-fb458de7ec23,,"Купить кружку, Купить посуду, заказать кружку, закзать посуду, купить кружку ручной работы"
96e7b42e-446f-4a6c-9917-e7b54a1d698f,2250;Груша;Без коллекции;красный,Мда,,,https://ikondor.github.io/mawave/output/%D0%9C%D0%B4%D0%B0:%D1%82%D1%80%D0%B5%D1%88:2250;%D0%93%D1%80%D1%83%D1%88%D0%B0;%D0%91%D0%B5%D0%B7%20%D0%BA%D0%BE%D0%BB%D0%BB%D0%B5%D0%BA%D1%86%D0%B8%D0%B8;%D0%BA%D1%80%D0%B0%D1%81%D0%BD%D1%8B%D0%B9:96e7b42e-446f-4a6c-9917-e7b54a1d698f.jpeg,треш,,,,,96e7b42e-446f-4a6c-9917-e7b54a1d698f,,"Купить кружку, Купить посуду, заказать кружку, закзать посуду, купить кружку ручной работы"
53c77b51-3179-49c9-bfe9-303eda41376a,2250;Груша;Без коллекции;серый,Мда,,,https://ikondor.github.io/mawave/output/%D0%9C%D0%B4%D0%B0:%D1%82%D1%80%D0%B5%D1%88:2250;%D0%93%D1%80%D1%83%D1%88%D0%B0;%D0%91%D0%B5%D0%B7%20%D0%BA%D0%BE%D0%BB%D0%BB%D0%B5%D0%BA%D1%86%D0%B8%D0%B8;%D1%81%D0%B5%D1%80%D1%8B%D0%B9:53c77b51-3179-49c9-bfe9-303eda41376a.jpeg,треш,,,,,53c77b51-3179-49c9-bfe9-303eda41376a,,"Купить кружку, Купить посуду, заказать кружку, закзать посуду, купить кружку ручной работы"
9c705e70-4353-403e-8b75-131cab777161,фундук;набор;белый;----,Мистер и миссис,,,https://ikondor.github.io/mawave/output/%D0%9C%D0%B8%D1%81%D1%82%D0%B5%D1%80%20%D0%B8%20%D0%BC%D0%B8%D1%81%D1%81%D0%B8%D1%81:7000:%D1%84%D1%83%D0%BD%D0%B4%D1%83%D0%BA;%D0%BD%D0%B0%D0%B1%D0%BE%D1%80;%D0%B1%D0%B5%D0%BB%D1%8B%D0%B9;----:9c705e70-4353-403e-8b75-131cab777161.jpeg,7000,,,,,9c705e70-4353-403e-8b75-131cab777161,,"Купить кружку, Купить посуду, заказать кружку, закзать посуду, купить кружку ручной работы"
5e7332e9-81c9-4f70-973d-79e3a271a735,фундук;набор;белый;---,Мистер и миссис,,,https://ikondor.github.io/mawave/output/%D0%9C%D0%B8%D1%81%D1%82%D0%B5%D1%80%20%D0%B8%20%D0%BC%D0%B8%D1%81%D1%81%D0%B8%D1%81:7000:%D1%84%D1%83%D0%BD%D0%B4%D1%83%D0%BA;%D0%BD%D0%B0%D0%B1%D0%BE%D1%80;%D0%B1%D0%B5%D0%BB%D1%8B%D0%B9;---:5e7332e9-81c9-4f70-973d-79e3a271a735.jpeg,7000,,,,,5e7332e9-81c9-4f70-973d-79e3a271a735,,"Купить кружку, Купить посуду, заказать кружку, закзать посуду, купить кружку ручной работы"
16d65140-bfbd-4259-8142-a3324ca58c35,фундук;набор;белый;--,Мистер и миссис,,,https://ikondor.github.io/mawave/output/%D0%9C%D0%B8%D1%81%D1%82%D0%B5%D1%80%20%D0%B8%20%D0%BC%D0%B8%D1%81%D1%81%D0%B8%D1%81:7000:%D1%84%D1%83%D0%BD%D0%B4%D1%83%D0%BA;%D0%BD%D0%B0%D0%B1%D0%BE%D1%80;%D0%B1%D0%B5%D0%BB%D1%8B%D0%B9;--:16d65140-bfbd-4259-8142-a3324ca58c35.jpeg,7000,,,,,16d65140-bfbd-4259-8142-a3324ca58c35,,"Купить кружку, Купить посуду, заказать кружку, закзать посуду, купить кружку ручной работы"
587b115b-3c22-428e-b94c-748c236750de,фундук;набор;белый;-,Мистер и миссис,,,https://ikondor.github.io/mawave/output/%D0%9C%D0%B8%D1%81%D1%82%D0%B5%D1%80%20%D0%B8%20%D0%BC%D0%B8%D1%81%D1%81%D0%B8%D1%81:7000:%D1%84%D1%83%D0%BD%D0%B4%D1%83%D0%BA;%D0%BD%D0%B0%D0%B1%D0%BE%D1%80;%D0%B1%D0%B5%D0%BB%D1%8B%D0%B9;-:587b115b-3c22-428e-b94c-748c236750de.jpeg,7000,,,,,587b115b-3c22-428e-b94c-748c236750de,,"Купить кружку, Купить посуду, заказать кружку, закзать посуду, купить кружку ручной работы"
3aa77239-b562-4b64-a6d9-59baee98be8e,фундук;набор;белый,Мистер и миссис,,,https://ikondor.github.io/mawave/output/%D0%9C%D0%B8%D1%81%D1%82%D0%B5%D1%80%20%D0%B8%20%D0%BC%D0%B8%D1%81%D1%81%D0%B8%D1%81:7000:%D1%84%D1%83%D0%BD%D0%B4%D1%83%D0%BA;%D0%BD%D0%B0%D0%B1%D0%BE%D1%80;%D0%B1%D0%B5%D0%BB%D1%8B%D0%B9:3aa77239-b562-4b64-a6d9-59baee98be8e.jpeg,7000,,,,,3aa77239-b562-4b64-a6d9-59baee98be8e,,"Купить кружку, Купить посуду, заказать кружку, закзать посуду, купить кружку ручной работы"
f3a50c07-f7f1-4610-a343-acf7e0fc9bca,пивная;Для него;бежевый,Мужиковый мужик,,,https://ikondor.github.io/mawave/output/%D0%9C%D1%83%D0%B6%D0%B8%D0%BA%D0%BE%D0%B2%D1%8B%D0%B9%20%D0%BC%D1%83%D0%B6%D0%B8%D0%BA:2500:%D0%BF%D0%B8%D0%B2%D0%BD%D0%B0%D1%8F;%D0%94%D0%BB%D1%8F%20%D0%BD%D0%B5%D0%B3%D0%BE;%D0%B1%D0%B5%D0%B6%D0%B5%D0%B2%D1%8B%D0%B9:f3a50c07-f7f1-4610-a343-acf7e0fc9bca.jpeg,2500,,,,,f3a50c07-f7f1-4610-a343-acf7e0fc9bca,,"Купить кружку, Купить посуду, заказать кружку, закзать посуду, купить кружку ручной работы"
8f28ae37-6f07-476b-bb3b-965cf7492670,2350;Цилиндр;18+;синий;зелёный,Музыка должна не играть,,,https://ikondor.github.io/mawave/output/%D0%9C%D1%83%D0%B7%D1%8B%D0%BA%D0%B0%20%D0%B4%D0%BE%D0%BB%D0%B6%D0%BD%D0%B0%20%D0%BD%D0%B5%20%D0%B8%D0%B3%D1%80%D0%B0%D1%82%D1%8C:%D0%B0%20%D1%85%D1%83%D1%8F%D1%80%D0%B8%D1%82%D1%8C:2350;%D0%A6%D0%B8%D0%BB%D0%B8%D0%BD%D0%B4%D1%80;18+;%D1%81%D0%B8%D0%BD%D0%B8%D0%B9;%D0%B7%D0%B5%D0%BB%D1%91%D0%BD%D1%8B%D0%B9:8f28ae37-6f07-476b-bb3b-965cf7492670.jpeg,а хуярить,,,,,8f28ae37-6f07-476b-bb3b-965cf7492670,,"Купить кружку, Купить посуду, заказать кружку, закзать посуду, купить кружку ручной работы"
aa088e83-7846-4e43-b630-8dc99b848a2c,2350;Цилиндр;18+;синий;серый,Музыка должна не играть,,,https://ikondor.github.io/mawave/output/%D0%9C%D1%83%D0%B7%D1%8B%D0%BA%D0%B0%20%D0%B4%D0%BE%D0%BB%D0%B6%D0%BD%D0%B0%20%D0%BD%D0%B5%20%D0%B8%D0%B3%D1%80%D0%B0%D1%82%D1%8C:%D0%B0%20%D1%85%D1%83%D1%8F%D1%80%D0%B8%D1%82%D1%8C:2350;%D0%A6%D0%B8%D0%BB%D0%B8%D0%BD%D0%B4%D1%80;18+;%D1%81%D0%B8%D0%BD%D0%B8%D0%B9;%D1%81%D0%B5%D1%80%D1%8B%D0%B9:aa088e83-7846-4e43-b630-8dc99b848a2c.jpeg,а хуярить,,,,,aa088e83-7846-4e43-b630-8dc99b848a2c,,"Купить кружку, Купить посуду, заказать кружку, закзать посуду, купить кружку ручной работы"
68736207-aef5-4721-ac83-4a0d975fc9e0,2500;Конус;18+;бежевый,Музыка должна не играть,,,https://ikondor.github.io/mawave/output/%D0%9C%D1%83%D0%B7%D1%8B%D0%BA%D0%B0%20%D0%B4%D0%BE%D0%BB%D0%B6%D0%BD%D0%B0%20%D0%BD%D0%B5%20%D0%B8%D0%B3%D1%80%D0%B0%D1%82%D1%8C:%D0%B0%20%D1%85%D1%83%D1%8F%D1%80%D0%B8%D1%82%D1%8C:2500;%D0%9A%D0%BE%D0%BD%D1%83%D1%81;18+;%D0%B1%D0%B5%D0%B6%D0%B5%D0%B2%D1%8B%D0%B9:68736207-aef5-4721-ac83-4a0d975fc9e0.jpeg,а хуярить,,,,,68736207-aef5-4721-ac83-4a0d975fc9e0,,"Купить кружку, Купить посуду, заказать кружку, закзать посуду, купить кружку ручной работы"
b9cab988-057b-4776-88c3-40f3c0eec3fe,Цилиндр;Осень;Бежевый,На душе пэйн,,,https://ikondor.github.io/mawave/output/%D0%9D%D0%B0%20%D0%B4%D1%83%D1%88%D0%B5%20%D0%BF%D1%8D%D0%B9%D0%BD:2350:%D0%A6%D0%B8%D0%BB%D0%B8%D0%BD%D0%B4%D1%80;%D0%9E%D1%81%D0%B5%D0%BD%D1%8C;%D0%91%D0%B5%D0%B6%D0%B5%D0%B2%D1%8B%D0%B9:b9cab988-057b-4776-88c3-40f3c0eec3fe.jpeg,2350,,,,,b9cab988-057b-4776-88c3-40f3c0eec3fe,,"Купить кружку, Купить посуду, заказать кружку, закзать посуду, купить кружку ручной работы"
afaa925b-4012-4c56-b0af-0d882632bfc6,Груша;18+;синий;серый,Не вдупляешь,,,https://ikondor.github.io/mawave/output/%D0%9D%D0%B5%20%D0%B2%D0%B4%D1%83%D0%BF%D0%BB%D1%8F%D0%B5%D1%88%D1%8C:2250:%D0%93%D1%80%D1%83%D1%88%D0%B0;18+;%D1%81%D0%B8%D0%BD%D0%B8%D0%B9;%D1%81%D0%B5%D1%80%D1%8B%D0%B9:afaa925b-4012-4c56-b0af-0d882632bfc6.jpeg,2250,,,,,afaa925b-4012-4c56-b0af-0d882632bfc6,,"Купить кружку, Купить посуду, заказать кружку, закзать посуду, купить кружку ручной работы"
c3ee7e2e-b28d-4802-83c0-2994d9452896,Цилиндр;18+;красный,Не вдупляешь,,,https://ikondor.github.io/mawave/output/%D0%9D%D0%B5%20%D0%B2%D0%B4%D1%83%D0%BF%D0%BB%D1%8F%D0%B5%D1%88%D1%8C:2350:%D0%A6%D0%B8%D0%BB%D0%B8%D0%BD%D0%B4%D1%80;18+;%D0%BA%D1%80%D0%B0%D1%81%D0%BD%D1%8B%D0%B9:c3ee7e2e-b28d-4802-83c0-2994d9452896.jpeg,2350,,,,,c3ee7e2e-b28d-4802-83c0-2994d9452896,,"Купить кружку, Купить посуду, заказать кружку, закзать посуду, купить кружку ручной работы"
e0162ed9-2fdb-4294-ac33-e88ab312eb3b,Цилиндр;18+;синий;серый,Не вдупляешь,,,https://ikondor.github.io/mawave/output/%D0%9D%D0%B5%20%D0%B2%D0%B4%D1%83%D0%BF%D0%BB%D1%8F%D0%B5%D1%88%D1%8C:2350:%D0%A6%D0%B8%D0%BB%D0%B8%D0%BD%D0%B4%D1%80;18+;%D1%81%D0%B8%D0%BD%D0%B8%D0%B9;%D1%81%D0%B5%D1%80%D1%8B%D0%B9:e0162ed9-2fdb-4294-ac33-e88ab312eb3b.jpeg,2350,,,,,e0162ed9-2fdb-4294-ac33-e88ab312eb3b,,"Купить кружку, Купить посуду, заказать кружку, закзать посуду, купить кружку ручной работы"
04cbedce-6bd6-4232-9a43-e4d10f88cfb5,Груша;Без коллекции;белый,Не складывается,,,https://ikondor.github.io/mawave/output/%D0%9D%D0%B5%20%D1%81%D0%BA%D0%BB%D0%B0%D0%B4%D1%8B%D0%B2%D0%B0%D0%B5%D1%82%D1%81%D1%8F:2250:%D0%93%D1%80%D1%83%D1%88%D0%B0;%D0%91%D0%B5%D0%B7%20%D0%BA%D0%BE%D0%BB%D0%BB%D0%B5%D0%BA%D1%86%D0%B8%D0%B8;%D0%B1%D0%B5%D0%BB%D1%8B%D0%B9:04cbedce-6bd6-4232-9a43-e4d10f88cfb5.jpeg,2250,,,,,04cbedce-6bd6-4232-9a43-e4d10f88cfb5,,"Купить кружку, Купить посуду, заказать кружку, закзать посуду, купить кружку ручной работы"
17137067-2906-4c94-bae9-f3c3a830bd55,Груша;сердечки;белый,Не складывается,,,https://ikondor.github.io/mawave/output/%D0%9D%D0%B5%20%D1%81%D0%BA%D0%BB%D0%B0%D0%B4%D1%8B%D0%B2%D0%B0%D0%B5%D1%82%D1%81%D1%8F:2450:%D0%93%D1%80%D1%83%D1%88%D0%B0;%D1%81%D0%B5%D1%80%D0%B4%D0%B5%D1%87%D0%BA%D0%B8;%D0%B1%D0%B5%D0%BB%D1%8B%D0%B9:17137067-2906-4c94-bae9-f3c3a830bd55.jpeg,2450,,,,,17137067-2906-4c94-bae9-f3c3a830bd55,,"Купить кружку, Купить посуду, заказать кружку, закзать посуду, купить кружку ручной работы"
ba6470cb-260a-4362-aae7-94a4a53d2d55,груша;сердечки;18+;белый,Нет ничего невозможного,,,https://ikondor.github.io/mawave/output/%D0%9D%D0%B5%D1%82%20%D0%BD%D0%B8%D1%87%D0%B5%D0%B3%D0%BE%20%D0%BD%D0%B5%D0%B2%D0%BE%D0%B7%D0%BC%D0%BE%D0%B6%D0%BD%D0%BE%D0%B3%D0%BE:2450:%D0%B3%D1%80%D1%83%D1%88%D0%B0;%D1%81%D0%B5%D1%80%D0%B4%D0%B5%D1%87%D0%BA%D0%B8;18+;%D0%B1%D0%B5%D0%BB%D1%8B%D0%B9:ba6470cb-260a-4362-aae7-94a4a53d2d55.jpeg,2450,,,,,ba6470cb-260a-4362-aae7-94a4a53d2d55,,"Купить кружку, Купить посуду, заказать кружку, закзать посуду, купить кружку ручной работы"
9c432466-a4eb-4d46-9f8d-9b0f7272e41b,Цилиндр;сердечки;18+;белый,Нет ничего невозможного,,,https://ikondor.github.io/mawave/output/%D0%9D%D0%B5%D1%82%20%D0%BD%D0%B8%D1%87%D0%B5%D0%B3%D0%BE%20%D0%BD%D0%B5%D0%B2%D0%BE%D0%B7%D0%BC%D0%BE%D0%B6%D0%BD%D0%BE%D0%B3%D0%BE:2550:%D0%A6%D0%B8%D0%BB%D0%B8%D0%BD%D0%B4%D1%80;%D1%81%D0%B5%D1%80%D0%B4%D0%B5%D1%87%D0%BA%D0%B8;18+;%D0%B1%D0%B5%D0%BB%D1%8B%D0%B9:9c432466-a4eb-4d46-9f8d-9b0f7272e41b.jpeg,2550,,,,,9c432466-a4eb-4d46-9f8d-9b0f7272e41b,,"Купить кружку, Купить посуду, заказать кружку, закзать посуду, купить кружку ручной работы"
93e0587f-eb15-4506-9dbf-77d19fd6cb67,Груша;Знаки зодиака;синий,Овен,,,https://ikondor.github.io/mawave/output/%D0%9E%D0%B2%D0%B5%D0%BD:2250:%D0%93%D1%80%D1%83%D1%88%D0%B0;%D0%97%D0%BD%D0%B0%D0%BA%D0%B8%20%D0%B7%D0%BE%D0%B4%D0%B8%D0%B0%D0%BA%D0%B0;%D1%81%D0%B8%D0%BD%D0%B8%D0%B9:93e0587f-eb15-4506-9dbf-77d19fd6cb67.jpeg,2250,,,,,93e0587f-eb15-4506-9dbf-77d19fd6cb67,,"Купить кружку, Купить посуду, заказать кружку, закзать посуду, купить кружку ручной работы"
593c1cf0-258e-4141-b520-56b997f04303,цилиндр;Без коллекции;красный,Пиздец как смело,,,https://ikondor.github.io/mawave/output/%D0%9F%D0%B8%D0%B7%D0%B4%D0%B5%D1%86%20%D0%BA%D0%B0%D0%BA%20%D1%81%D0%BC%D0%B5%D0%BB%D0%BE:2350:%D1%86%D0%B8%D0%BB%D0%B8%D0%BD%D0%B4%D1%80;%D0%91%D0%B5%D0%B7%20%D0%BA%D0%BE%D0%BB%D0%BB%D0%B5%D0%BA%D1%86%D0%B8%D0%B8;%D0%BA%D1%80%D0%B0%D1%81%D0%BD%D1%8B%D0%B9:593c1cf0-258e-4141-b520-56b997f04303.jpeg,2350,,,,,593c1cf0-258e-4141-b520-56b997f04303,,"Купить кружку, Купить посуду, заказать кружку, закзать посуду, купить кружку ручной работы"
6d71406b-e063-4d53-b384-3f6b4415c302,Фундук;Осень;серый,Пора перемен,,,https://ikondor.github.io/mawave/output/%D0%9F%D0%BE%D1%80%D0%B0%20%D0%BF%D0%B5%D1%80%D0%B5%D0%BC%D0%B5%D0%BD:2350:%D0%A4%D1%83%D0%BD%D0%B4%D1%83%D0%BA;%D0%9E%D1%81%D0%B5%D0%BD%D1%8C;%D1%81%D0%B5%D1%80%D1%8B%D0%B9:6d71406b-e063-4d53-b384-3f6b4415c302.jpeg,2350,,,,,6d71406b-e063-4d53-b384-3f6b4415c302,,"Купить кружку, Купить посуду, заказать кружку, закзать посуду, купить кружку ручной работы"
7eab7a5c-07a9-4576-a527-1f974e6dcbf6,Фундук;Без коллекции;белый,Просто люби,,,https://ikondor.github.io/mawave/output/%D0%9F%D1%80%D0%BE%D1%81%D1%82%D0%BE%20%D0%BB%D1%8E%D0%B1%D0%B8:2350:%D0%A4%D1%83%D0%BD%D0%B4%D1%83%D0%BA;%D0%91%D0%B5%D0%B7%20%D0%BA%D0%BE%D0%BB%D0%BB%D0%B5%D0%BA%D1%86%D0%B8%D0%B8;%D0%B1%D0%B5%D0%BB%D1%8B%D0%B9:7eab7a5c-07a9-4576-a527-1f974e6dcbf6.jpeg,2350,,,,,7eab7a5c-07a9-4576-a527-1f974e6dcbf6,,"Купить кружку, Купить посуду, заказать кружку, закзать посуду, купить кружку ручной работы"
565f819f-1f78-40d3-8ca4-e2c65e434a86,Фундук;Без коллекции;розовый,Просто люби,,,https://ikondor.github.io/mawave/output/%D0%9F%D1%80%D0%BE%D1%81%D1%82%D0%BE%20%D0%BB%D1%8E%D0%B1%D0%B8:2350:%D0%A4%D1%83%D0%BD%D0%B4%D1%83%D0%BA;%D0%91%D0%B5%D0%B7%20%D0%BA%D0%BE%D0%BB%D0%BB%D0%B5%D0%BA%D1%86%D0%B8%D0%B8;%D1%80%D0%BE%D0%B7%D0%BE%D0%B2%D1%8B%D0%B9:565f819f-1f78-40d3-8ca4-e2c65e434a86.jpeg,2350,,,,,565f819f-1f78-40d3-8ca4-e2c65e434a86,,"Купить кружку, Купить посуду, заказать кружку, закзать посуду, купить кружку ручной работы"
8707cf94-9042-4ec4-8b62-fc0e1857aa8a,Груша;Без коллекции;бежевый,Психологиня,,,https://ikondor.github.io/mawave/output/%D0%9F%D1%81%D0%B8%D1%85%D0%BE%D0%BB%D0%BE%D0%B3%D0%B8%D0%BD%D1%8F:2250:%D0%93%D1%80%D1%83%D1%88%D0%B0;%D0%91%D0%B5%D0%B7%20%D0%BA%D0%BE%D0%BB%D0%BB%D0%B5%D0%BA%D1%86%D0%B8%D0%B8;%D0%B1%D0%B5%D0%B6%D0%B5%D0%B2%D1%8B%D0%B9:8707cf94-9042-4ec4-8b62-fc0e1857aa8a.jpeg,2250,,,,,8707cf94-9042-4ec4-8b62-fc0e1857aa8a,,"Купить кружку, Купить посуду, заказать кружку, закзать посуду, купить кружку ручной работы"
0e65880f-6b95-4b19-ac8f-0ede11cd6e99,фундук;Без коллекции;синий,Работаю сутками,,,https://ikondor.github.io/mawave/output/%D0%A0%D0%B0%D0%B1%D0%BE%D1%82%D0%B0%D1%8E%20%D1%81%D1%83%D1%82%D0%BA%D0%B0%D0%BC%D0%B8:2350:%D1%84%D1%83%D0%BD%D0%B4%D1%83%D0%BA;%D0%91%D0%B5%D0%B7%20%D0%BA%D0%BE%D0%BB%D0%BB%D0%B5%D0%BA%D1%86%D0%B8%D0%B8;%D1%81%D0%B8%D0%BD%D0%B8%D0%B9:0e65880f-6b95-4b19-ac8f-0ede11cd6e99.jpeg,2350,,,,,0e65880f-6b95-4b19-ac8f-0ede11cd6e99,,"Купить кружку, Купить посуду, заказать кружку, закзать посуду, купить кружку ручной работы"
79fa393c-b325-42b2-a099-097e4b0a4eb2,Фундук;сердечки;белый,Расцветай,,,https://ikondor.github.io/mawave/output/%D0%A0%D0%B0%D1%81%D1%86%D0%B2%D0%B5%D1%82%D0%B0%D0%B9:2550:%D0%A4%D1%83%D0%BD%D0%B4%D1%83%D0%BA;%D1%81%D0%B5%D1%80%D0%B4%D0%B5%D1%87%D0%BA%D0%B8;%D0%B1%D0%B5%D0%BB%D1%8B%D0%B9:79fa393c-b325-42b2-a099-097e4b0a4eb2.jpeg,2550,,,,,79fa393c-b325-42b2-a099-097e4b0a4eb2,,"Купить кружку, Купить посуду, заказать кружку, закзать посуду, купить кружку ручной работы"
3e0f3343-b40f-4bc1-a967-62c5409ebb38,Груша;Знаки зодиака;синий,Рыбы,,,https://ikondor.github.io/mawave/output/%D0%A0%D1%8B%D0%B1%D1%8B:2250:%D0%93%D1%80%D1%83%D1%88%D0%B0;%D0%97%D0%BD%D0%B0%D0%BA%D0%B8%20%D0%B7%D0%BE%D0%B4%D0%B8%D0%B0%D0%BA%D0%B0;%D1%81%D0%B8%D0%BD%D0%B8%D0%B9:3e0f3343-b40f-4bc1-a967-62c5409ebb38.jpeg,2250,,,,,3e0f3343-b40f-4bc1-a967-62c5409ebb38,,"Купить кружку, Купить посуду, заказать кружку, закзать посуду, купить кружку ручной работы"
28b7b8ca-0853-4847-91cc-1847816fe7da,Цилиндр;Духовная коллекция;белый,Свобода,,,https://ikondor.github.io/mawave/output/%D0%A1%D0%B2%D0%BE%D0%B1%D0%BE%D0%B4%D0%B0:2350:%D0%A6%D0%B8%D0%BB%D0%B8%D0%BD%D0%B4%D1%80;%D0%94%D1%83%D1%85%D0%BE%D0%B2%D0%BD%D0%B0%D1%8F%20%D0%BA%D0%BE%D0%BB%D0%BB%D0%B5%D0%BA%D1%86%D0%B8%D1%8F;%D0%B1%D0%B5%D0%BB%D1%8B%D0%B9:28b7b8ca-0853-4847-91cc-1847816fe7da.jpeg,2350,,,,,28b7b8ca-0853-4847-91cc-1847816fe7da,,"Купить кружку, Купить посуду, заказать кружку, закзать посуду, купить кружку ручной работы"
77cea814-0398-4ba1-afdb-f39c20efe029,груша;сердечки;Без коллекции;белый,Сердечки,,,https://ikondor.github.io/mawave/output/%D0%A1%D0%B5%D1%80%D0%B4%D0%B5%D1%87%D0%BA%D0%B8:2450:%D0%B3%D1%80%D1%83%D1%88%D0%B0;%D1%81%D0%B5%D1%80%D0%B4%D0%B5%D1%87%D0%BA%D0%B8;%D0%91%D0%B5%D0%B7%20%D0%BA%D0%BE%D0%BB%D0%BB%D0%B5%D0%BA%D1%86%D0%B8%D0%B8;%D0%B1%D0%B5%D0%BB%D1%8B%D0%B9:77cea814-0398-4ba1-afdb-f39c20efe029.jpeg,2450,,,,,77cea814-0398-4ba1-afdb-f39c20efe029,,"Купить кружку, Купить посуду, заказать кружку, закзать посуду, купить кружку ручной работы"
ca5daab5-cbac-4454-933d-d3db17d1b8e9,Цилиндр;сердечки;белый,Слезы моего бывшего,,,https://ikondor.github.io/mawave/output/%D0%A1%D0%BB%D0%B5%D0%B7%D1%8B%20%D0%BC%D0%BE%D0%B5%D0%B3%D0%BE%20%D0%B1%D1%8B%D0%B2%D1%88%D0%B5%D0%B3%D0%BE:2550:%D0%A6%D0%B8%D0%BB%D0%B8%D0%BD%D0%B4%D1%80;%D1%81%D0%B5%D1%80%D0%B4%D0%B5%D1%87%D0%BA%D0%B8;%D0%B1%D0%B5%D0%BB%D1%8B%D0%B9:ca5daab5-cbac-4454-933d-d3db17d1b8e9.jpeg,2550,,,,,ca5daab5-cbac-4454-933d-d3db17d1b8e9,,"Купить кружку, Купить посуду, заказать кружку, закзать посуду, купить кружку ручной работы"
d5682c1d-b64d-4ed1-afa0-7324862fa030,Груша;Без коллекции;зелёный,Слезы моих учеников,,,https://ikondor.github.io/mawave/output/%D0%A1%D0%BB%D0%B5%D0%B7%D1%8B%20%D0%BC%D0%BE%D0%B8%D1%85%20%D1%83%D1%87%D0%B5%D0%BD%D0%B8%D0%BA%D0%BE%D0%B2:2250:%D0%93%D1%80%D1%83%D1%88%D0%B0;%D0%91%D0%B5%D0%B7%20%D0%BA%D0%BE%D0%BB%D0%BB%D0%B5%D0%BA%D1%86%D0%B8%D0%B8;%D0%B7%D0%B5%D0%BB%D1%91%D0%BD%D1%8B%D0%B9:d5682c1d-b64d-4ed1-afa0-7324862fa030.jpeg,2250,,,,,d5682c1d-b64d-4ed1-afa0-7324862fa030,,"Купить кружку, Купить посуду, заказать кружку, закзать посуду, купить кружку ручной работы"
0961cf79-a750-422d-bf9e-a6921ee5df52,Фундук;Без коллекции;красный,Слезы моих учеников,,,https://ikondor.github.io/mawave/output/%D0%A1%D0%BB%D0%B5%D0%B7%D1%8B%20%D0%BC%D0%BE%D0%B8%D1%85%20%D1%83%D1%87%D0%B5%D0%BD%D0%B8%D0%BA%D0%BE%D0%B2:2350:%D0%A4%D1%83%D0%BD%D0%B4%D1%83%D0%BA;%D0%91%D0%B5%D0%B7%20%D0%BA%D0%BE%D0%BB%D0%BB%D0%B5%D0%BA%D1%86%D0%B8%D0%B8;%D0%BA%D1%80%D0%B0%D1%81%D0%BD%D1%8B%D0%B9:0961cf79-a750-422d-bf9e-a6921ee5df52.jpeg,2350,,,,,0961cf79-a750-422d-bf9e-a6921ee5df52,,"Купить кружку, Купить посуду, заказать кружку, закзать посуду, купить кружку ручной работы"
1d45f13b-1f33-445d-bf20-cd3e6257772f,Груша;Морская;синий,Смелее,,,https://ikondor.github.io/mawave/output/%D0%A1%D0%BC%D0%B5%D0%BB%D0%B5%D0%B5:2250:%D0%93%D1%80%D1%83%D1%88%D0%B0;%D0%9C%D0%BE%D1%80%D1%81%D0%BA%D0%B0%D1%8F;%D1%81%D0%B8%D0%BD%D0%B8%D0%B9:1d45f13b-1f33-445d-bf20-cd3e6257772f.jpeg,2250,,,,,1d45f13b-1f33-445d-bf20-cd3e6257772f,,"Купить кружку, Купить посуду, заказать кружку, закзать посуду, купить кружку ручной работы"
0ac9d633-4e4a-4104-90aa-3e2155001ff2,фундук;Морская;синий,Смелее,,,https://ikondor.github.io/mawave/output/%D0%A1%D0%BC%D0%B5%D0%BB%D0%B5%D0%B5:2350:%D1%84%D1%83%D0%BD%D0%B4%D1%83%D0%BA;%D0%9C%D0%BE%D1%80%D1%81%D0%BA%D0%B0%D1%8F;%D1%81%D0%B8%D0%BD%D0%B8%D0%B9:0ac9d633-4e4a-4104-90aa-3e2155001ff2.jpeg,2350,,,,,0ac9d633-4e4a-4104-90aa-3e2155001ff2,,"Купить кружку, Купить посуду, заказать кружку, закзать посуду, купить кружку ручной работы"
14f72b4a-7752-414c-a949-6c2b651a2ad4,фундук;Морская;синий;-,Смелость,,,https://ikondor.github.io/mawave/output/%D0%A1%D0%BC%D0%B5%D0%BB%D0%BE%D1%81%D1%82%D1%8C:2350:%D1%84%D1%83%D0%BD%D0%B4%D1%83%D0%BA;%D0%9C%D0%BE%D1%80%D1%81%D0%BA%D0%B0%D1%8F;%D1%81%D0%B8%D0%BD%D0%B8%D0%B9;-:14f72b4a-7752-414c-a949-6c2b651a2ad4.jpeg,2350,,,,,14f72b4a-7752-414c-a949-6c2b651a2ad4,,"Купить кружку, Купить посуду, заказать кружку, закзать посуду, купить кружку ручной работы"
b20c8f63-cbb2-4b66-abf9-a60a5ca2da88,фундук;Морская;синий,Смелость,,,https://ikondor.github.io/mawave/output/%D0%A1%D0%BC%D0%B5%D0%BB%D0%BE%D1%81%D1%82%D1%8C:2350:%D1%84%D1%83%D0%BD%D0%B4%D1%83%D0%BA;%D0%9C%D0%BE%D1%80%D1%81%D0%BA%D0%B0%D1%8F;%D1%81%D0%B8%D0%BD%D0%B8%D0%B9:b20c8f63-cbb2-4b66-abf9-a60a5ca2da88.jpeg,2350,,,,,b20c8f63-cbb2-4b66-abf9-a60a5ca2da88,,"Купить кружку, Купить посуду, заказать кружку, закзать посуду, купить кружку ручной работы"
e96d6706-dfec-41eb-8fe6-3949d0c44e4f,Груша;Без коллекции;синий,Сомнительно,,,https://ikondor.github.io/mawave/output/%D0%A1%D0%BE%D0%BC%D0%BD%D0%B8%D1%82%D0%B5%D0%BB%D1%8C%D0%BD%D0%BE:2250:%D0%93%D1%80%D1%83%D1%88%D0%B0;%D0%91%D0%B5%D0%B7%20%D0%BA%D0%BE%D0%BB%D0%BB%D0%B5%D0%BA%D1%86%D0%B8%D0%B8;%D1%81%D0%B8%D0%BD%D0%B8%D0%B9:e96d6706-dfec-41eb-8fe6-3949d0c44e4f.jpeg,2250,,,,,e96d6706-dfec-41eb-8fe6-3949d0c44e4f,,"Купить кружку, Купить посуду, заказать кружку, закзать посуду, купить кружку ручной работы"
b0601ceb-86a7-4bb7-830a-d12e4179795c,Фундук;Без коллекции;бежевый,Сомнительно,,,https://ikondor.github.io/mawave/output/%D0%A1%D0%BE%D0%BC%D0%BD%D0%B8%D1%82%D0%B5%D0%BB%D1%8C%D0%BD%D0%BE:2350:%D0%A4%D1%83%D0%BD%D0%B4%D1%83%D0%BA;%D0%91%D0%B5%D0%B7%20%D0%BA%D0%BE%D0%BB%D0%BB%D0%B5%D0%BA%D1%86%D0%B8%D0%B8;%D0%B1%D0%B5%D0%B6%D0%B5%D0%B2%D1%8B%D0%B9:b0601ceb-86a7-4bb7-830a-d12e4179795c.jpeg,2350,,,,,b0601ceb-86a7-4bb7-830a-d12e4179795c,,"Купить кружку, Купить посуду, заказать кружку, закзать посуду, купить кружку ручной работы"
44502864-0cd9-4072-ba37-2af040a19e6a,Цилиндр;Без коллекции;бежевый,Сомнительно,,,https://ikondor.github.io/mawave/output/%D0%A1%D0%BE%D0%BC%D0%BD%D0%B8%D1%82%D0%B5%D0%BB%D1%8C%D0%BD%D0%BE:2350:%D0%A6%D0%B8%D0%BB%D0%B8%D0%BD%D0%B4%D1%80;%D0%91%D0%B5%D0%B7%20%D0%BA%D0%BE%D0%BB%D0%BB%D0%B5%D0%BA%D1%86%D0%B8%D0%B8;%D0%B1%D0%B5%D0%B6%D0%B5%D0%B2%D1%8B%D0%B9:44502864-0cd9-4072-ba37-2af040a19e6a.jpeg,2350,,,,,44502864-0cd9-4072-ba37-2af040a19e6a,,"Купить кружку, Купить посуду, заказать кружку, закзать посуду, купить кружку ручной работы"
b139cd1b-bae5-4ed7-b129-237099ef490e,Груша;Морская;синий,Сохранять покой,,,https://ikondor.github.io/mawave/output/%D0%A1%D0%BE%D1%85%D1%80%D0%B0%D0%BD%D1%8F%D1%82%D1%8C%20%D0%BF%D0%BE%D0%BA%D0%BE%D0%B9:2250:%D0%93%D1%80%D1%83%D1%88%D0%B0;%D0%9C%D0%BE%D1%80%D1%81%D0%BA%D0%B0%D1%8F;%D1%81%D0%B8%D0%BD%D0%B8%D0%B9:b139cd1b-bae5-4ed7-b129-237099ef490e.jpeg,2250,,,,,b139cd1b-bae5-4ed7-b129-237099ef490e,,"Купить кружку, Купить посуду, заказать кружку, закзать посуду, купить кружку ручной работы"
770a1e91-f19f-45c3-8ca6-e111e7bed494,Груша;Знаки зодиака;синий;-,Стрелец,,,https://ikondor.github.io/mawave/output/%D0%A1%D1%82%D1%80%D0%B5%D0%BB%D0%B5%D1%86:2250:%D0%93%D1%80%D1%83%D1%88%D0%B0;%D0%97%D0%BD%D0%B0%D0%BA%D0%B8%20%D0%B7%D0%BE%D0%B4%D0%B8%D0%B0%D0%BA%D0%B0;%D1%81%D0%B8%D0%BD%D0%B8%D0%B9;-:770a1e91-f19f-45c3-8ca6-e111e7bed494.jpeg,2250,,,,,770a1e91-f19f-45c3-8ca6-e111e7bed494,,"Купить кружку, Купить посуду, заказать кружку, закзать посуду, купить кружку ручной работы"
9fddbe01-dbff-45eb-9a19-b406faf0cb4b,Груша;Знаки зодиака;синий,Стрелец,,,https://ikondor.github.io/mawave/output/%D0%A1%D1%82%D1%80%D0%B5%D0%BB%D0%B5%D1%86:2250:%D0%93%D1%80%D1%83%D1%88%D0%B0;%D0%97%D0%BD%D0%B0%D0%BA%D0%B8%20%D0%B7%D0%BE%D0%B4%D0%B8%D0%B0%D0%BA%D0%B0;%D1%81%D0%B8%D0%BD%D0%B8%D0%B9:9fddbe01-dbff-45eb-9a19-b406faf0cb4b.jpeg,2250,,,,,9fddbe01-dbff-45eb-9a19-b406faf0cb4b,,"Купить кружку, Купить посуду, заказать кружку, закзать посуду, купить кружку ручной работы"
c59f239e-c036-44ec-b700-222197af3148,2350;Цилиндр;Духовная коллекция;белый,Твори,,,https://ikondor.github.io/mawave/output/%D0%A2%D0%B2%D0%BE%D1%80%D0%B8:%D0%A1%D0%BE%D0%B7%D0%B4%D0%B0%D0%B2%D0%B0%D0%B9:2350;%D0%A6%D0%B8%D0%BB%D0%B8%D0%BD%D0%B4%D1%80;%D0%94%D1%83%D1%85%D0%BE%D0%B2%D0%BD%D0%B0%D1%8F%20%D0%BA%D0%BE%D0%BB%D0%BB%D0%B5%D0%BA%D1%86%D0%B8%D1%8F;%D0%B1%D0%B5%D0%BB%D1%8B%D0%B9:c59f239e-c036-44ec-b700-222197af3148.jpeg,Создавай,,,,,c59f239e-c036-44ec-b700-222197af3148,,"Купить кружку, Купить посуду, заказать кружку, закзать посуду, купить кружку ручной работы"
5a004a6a-9e9a-4d94-ab38-8a57034296ea,Груша;Знаки зодиака;серый,Телец,,,https://ikondor.github.io/mawave/output/%D0%A2%D0%B5%D0%BB%D0%B5%D1%86:2250:%D0%93%D1%80%D1%83%D1%88%D0%B0;%D0%97%D0%BD%D0%B0%D0%BA%D0%B8%20%D0%B7%D0%BE%D0%B4%D0%B8%D0%B0%D0%BA%D0%B0;%D1%81%D0%B5%D1%80%D1%8B%D0%B9:5a004a6a-9e9a-4d94-ab38-8a57034296ea.jpeg,2250,,,,,5a004a6a-9e9a-4d94-ab38-8a57034296ea,,"Купить кружку, Купить посуду, заказать кружку, закзать посуду, купить кружку ручной работы"
1853dd7e-96bf-4c80-b37a-01ee989bdd5f,Конус;Без коллекции;черный,Только путь,,,https://ikondor.github.io/mawave/output/%D0%A2%D0%BE%D0%BB%D1%8C%D0%BA%D0%BE%20%D0%BF%D1%83%D1%82%D1%8C:2500:%D0%9A%D0%BE%D0%BD%D1%83%D1%81;%D0%91%D0%B5%D0%B7%20%D0%BA%D0%BE%D0%BB%D0%BB%D0%B5%D0%BA%D1%86%D0%B8%D0%B8;%D1%87%D0%B5%D1%80%D0%BD%D1%8B%D0%B9:1853dd7e-96bf-4c80-b37a-01ee989bdd5f.jpeg,2500,,,,,1853dd7e-96bf-4c80-b37a-01ee989bdd5f,,"Купить кружку, Купить посуду, заказать кружку, закзать посуду, купить кружку ручной работы"
37ea945e-7407-4a4a-b4ed-0c22a1aff129,Цилиндр;сердечки;белый,Ты всегда огонь,,,https://ikondor.github.io/mawave/output/%D0%A2%D1%8B%20%D0%B2%D1%81%D0%B5%D0%B3%D0%B4%D0%B0%20%D0%BE%D0%B3%D0%BE%D0%BD%D1%8C:2550:%D0%A6%D0%B8%D0%BB%D0%B8%D0%BD%D0%B4%D1%80;%D1%81%D0%B5%D1%80%D0%B4%D0%B5%D1%87%D0%BA%D0%B8;%D0%B1%D0%B5%D0%BB%D1%8B%D0%B9:37ea945e-7407-4a4a-b4ed-0c22a1aff129.jpeg,2550,,,,,37ea945e-7407-4a4a-b4ed-0c22a1aff129,,"Купить кружку, Купить посуду, заказать кружку, закзать посуду, купить кружку ручной работы"
8dbc6945-36a7-450b-81b6-c5aaa2f86a36,Цилиндр;Без коллекции;синий,Ты можешь дальше,,,https://ikondor.github.io/mawave/output/%D0%A2%D1%8B%20%D0%BC%D0%BE%D0%B6%D0%B5%D1%88%D1%8C%20%D0%B4%D0%B0%D0%BB%D1%8C%D1%88%D0%B5:2350:%D0%A6%D0%B8%D0%BB%D0%B8%D0%BD%D0%B4%D1%80;%D0%91%D0%B5%D0%B7%20%D0%BA%D0%BE%D0%BB%D0%BB%D0%B5%D0%BA%D1%86%D0%B8%D0%B8;%D1%81%D0%B8%D0%BD%D0%B8%D0%B9:8dbc6945-36a7-450b-81b6-c5aaa2f86a36.jpeg,2350,,,,,8dbc6945-36a7-450b-81b6-c5aaa2f86a36,,"Купить кружку, Купить посуду, заказать кружку, закзать посуду, купить кружку ручной работы"
f38b4e19-2d09-4915-b057-42678d892ab6,Цилиндр;Без коллекции;бежевый,Хмели сумели,,,https://ikondor.github.io/mawave/output/%D0%A5%D0%BC%D0%B5%D0%BB%D0%B8%20%D1%81%D1%83%D0%BC%D0%B5%D0%BB%D0%B8:2350:%D0%A6%D0%B8%D0%BB%D0%B8%D0%BD%D0%B4%D1%80;%D0%91%D0%B5%D0%B7%20%D0%BA%D0%BE%D0%BB%D0%BB%D0%B5%D0%BA%D1%86%D0%B8%D0%B8;%D0%B1%D0%B5%D0%B6%D0%B5%D0%B2%D1%8B%D0%B9:f38b4e19-2d09-4915-b057-42678d892ab6.jpeg,2350,,,,,f38b4e19-2d09-4915-b057-42678d892ab6,,"Купить кружку, Купить посуду, заказать кружку, закзать посуду, купить кружку ручной работы"
3ffd352f-17d1-4126-8543-2db7fa823501,Конус;Без коллекции;синий,Хмели сумели,,,https://ikondor.github.io/mawave/output/%D0%A5%D0%BC%D0%B5%D0%BB%D0%B8%20%D1%81%D1%83%D0%BC%D0%B5%D0%BB%D0%B8:2500:%D0%9A%D0%BE%D0%BD%D1%83%D1%81;%D0%91%D0%B5%D0%B7%20%D0%BA%D0%BE%D0%BB%D0%BB%D0%B5%D0%BA%D1%86%D0%B8%D0%B8;%D1%81%D0%B8%D0%BD%D0%B8%D0%B9:3ffd352f-17d1-4126-8543-2db7fa823501.jpeg,2500,,,,,3ffd352f-17d1-4126-8543-2db7fa823501,,"Купить кружку, Купить посуду, заказать кружку, закзать посуду, купить кружку ручной работы"
2f2ed57a-b8c4-45a6-b78f-77d017be116c,Конус;Без коллекции;синий;зелёный,Хочется кофе,,,https://ikondor.github.io/mawave/output/%D0%A5%D0%BE%D1%87%D0%B5%D1%82%D1%81%D1%8F%20%D0%BA%D0%BE%D1%84%D0%B5:2350:%D0%9A%D0%BE%D0%BD%D1%83%D1%81;%D0%91%D0%B5%D0%B7%20%D0%BA%D0%BE%D0%BB%D0%BB%D0%B5%D0%BA%D1%86%D0%B8%D0%B8;%D1%81%D0%B8%D0%BD%D0%B8%D0%B9;%D0%B7%D0%B5%D0%BB%D1%91%D0%BD%D1%8B%D0%B9:2f2ed57a-b8c4-45a6-b78f-77d017be116c.jpeg,2350,,,,,2f2ed57a-b8c4-45a6-b78f-77d017be116c,,"Купить кружку, Купить посуду, заказать кружку, закзать посуду, купить кружку ручной работы"
2b4ab123-2057-421d-b9e0-121f40ef763d,Груша;18+;коричневый,Хуютречко,,,https://ikondor.github.io/mawave/output/%D0%A5%D1%83%D1%8E%D1%82%D1%80%D0%B5%D1%87%D0%BA%D0%BE:2250:%D0%93%D1%80%D1%83%D1%88%D0%B0;18+;%D0%BA%D0%BE%D1%80%D0%B8%D1%87%D0%BD%D0%B5%D0%B2%D1%8B%D0%B9:2b4ab123-2057-421d-b9e0-121f40ef763d.jpeg,2250,,,,,2b4ab123-2057-421d-b9e0-121f40ef763d,,"Купить кружку, Купить посуду, заказать кружку, закзать посуду, купить кружку ручной работы"
49f4bfdf-1f34-467f-a9c0-d4245597b597,Фундук;сердечки;белый,Хуютречко,,,https://ikondor.github.io/mawave/output/%D0%A5%D1%83%D1%8E%D1%82%D1%80%D0%B5%D1%87%D0%BA%D0%BE:2550:%D0%A4%D1%83%D0%BD%D0%B4%D1%83%D0%BA;%D1%81%D0%B5%D1%80%D0%B4%D0%B5%D1%87%D0%BA%D0%B8;%D0%B1%D0%B5%D0%BB%D1%8B%D0%B9:49f4bfdf-1f34-467f-a9c0-d4245597b597.jpeg,2550,,,,,49f4bfdf-1f34-467f-a9c0-d4245597b597,,"Купить кружку, Купить посуду, заказать кружку, закзать посуду, купить кружку ручной работы"
fc5e2c61-6cca-488b-954d-619194cfdf29,Груша;набор;сердечки;белый,Хуютречко,,,https://ikondor.github.io/mawave/output/%D0%A5%D1%83%D1%8E%D1%82%D1%80%D0%B5%D1%87%D0%BA%D0%BE:4000:%D0%93%D1%80%D1%83%D1%88%D0%B0;%D0%BD%D0%B0%D0%B1%D0%BE%D1%80;%D1%81%D0%B5%D1%80%D0%B4%D0%B5%D1%87%D0%BA%D0%B8;%D0%B1%D0%B5%D0%BB%D1%8B%D0%B9:fc5e2c61-6cca-488b-954d-619194cfdf29.jpeg,4000,,,,,fc5e2c61-6cca-488b-954d-619194cfdf29,,"Купить кружку, Купить посуду, заказать кружку, закзать посуду, купить кружку ручной работы"
81815501-5728-42f5-a33f-a345457797e6,Фундук;18+;бежевый,Чашечка-хуяшечка,,,https://ikondor.github.io/mawave/output/%D0%A7%D0%B0%D1%88%D0%B5%D1%87%D0%BA%D0%B0-%D1%85%D1%83%D1%8F%D1%88%D0%B5%D1%87%D0%BA%D0%B0:2350:%D0%A4%D1%83%D0%BD%D0%B4%D1%83%D0%BA;18+;%D0%B1%D0%B5%D0%B6%D0%B5%D0%B2%D1%8B%D0%B9:81815501-5728-42f5-a33f-a345457797e6.jpeg,2350,,,,,81815501-5728-42f5-a33f-a345457797e6,,"Купить кружку, Купить посуду, заказать кружку, закзать посуду, купить кружку ручной работы"
a1ef32d3-1ac4-40d5-b3a7-8a1bbe617aac,Фундук;18+;коричневый,Чашечка-хуяшечка,,,https://ikondor.github.io/mawave/output/%D0%A7%D0%B0%D1%88%D0%B5%D1%87%D0%BA%D0%B0-%D1%85%D1%83%D1%8F%D1%88%D0%B5%D1%87%D0%BA%D0%B0:2350:%D0%A4%D1%83%D0%BD%D0%B4%D1%83%D0%BA;18+;%D0%BA%D0%BE%D1%80%D0%B8%D1%87%D0%BD%D0%B5%D0%B2%D1%8B%D0%B9:a1ef32d3-1ac4-40d5-b3a7-8a1bbe617aac.jpeg,2350,,,,,a1ef32d3-1ac4-40d5-b3a7-8a1bbe617aac,,"Купить кружку, Купить посуду, заказать кружку, закзать посуду, купить кружку ручной работы"
0769317e-efde-4f05-8839-dfdb0ed13c86,Цилиндр;Духовная коллекция;белый,Чувствуй,,,https://ikondor.github.io/mawave/output/%D0%A7%D1%83%D0%B2%D1%81%D1%82%D0%B2%D1%83%D0%B9:2350:%D0%A6%D0%B8%D0%BB%D0%B8%D0%BD%D0%B4%D1%80;%D0%94%D1%83%D1%85%D0%BE%D0%B2%D0%BD%D0%B0%D1%8F%20%D0%BA%D0%BE%D0%BB%D0%BB%D0%B5%D0%BA%D1%86%D0%B8%D1%8F;%D0%B1%D0%B5%D0%BB%D1%8B%D0%B9:0769317e-efde-4f05-8839-dfdb0ed13c86.jpeg,2350,,,,,0769317e-efde-4f05-8839-dfdb0ed13c86,,"Купить кружку, Купить посуду, заказать кружку, закзать посуду, купить кружку ручной работы"
3bf9b629-50ee-4612-864e-8e1b879599e4,Конус;Без коллекции;бежевый,ЩА кофейку бахнем,,,https://ikondor.github.io/mawave/output/%D0%A9%D0%90%20%D0%BA%D0%BE%D1%84%D0%B5%D0%B9%D0%BA%D1%83%20%D0%B1%D0%B0%D1%85%D0%BD%D0%B5%D0%BC:2500:%D0%9A%D0%BE%D0%BD%D1%83%D1%81;%D0%91%D0%B5%D0%B7%20%D0%BA%D0%BE%D0%BB%D0%BB%D0%B5%D0%BA%D1%86%D0%B8%D0%B8;%D0%B1%D0%B5%D0%B6%D0%B5%D0%B2%D1%8B%D0%B9:3bf9b629-50ee-4612-864e-8e1b879599e4.jpeg,2500,,,,,3bf9b629-50ee-4612-864e-8e1b879599e4,,"Купить кружку, Купить посуду, заказать кружку, закзать посуду, купить кружку ручной работы"
c6a68ef6-dc9c-42dc-8b0a-30f734bedfb6,Цилиндр;сердечки;белый,Ща кофейку бахну,,,https://ikondor.github.io/mawave/output/%D0%A9%D0%B0%20%D0%BA%D0%BE%D1%84%D0%B5%D0%B9%D0%BA%D1%83%20%D0%B1%D0%B0%D1%85%D0%BD%D1%83:2550:%D0%A6%D0%B8%D0%BB%D0%B8%D0%BD%D0%B4%D1%80;%D1%81%D0%B5%D1%80%D0%B4%D0%B5%D1%87%D0%BA%D0%B8;%D0%B1%D0%B5%D0%BB%D1%8B%D0%B9:c6a68ef6-dc9c-42dc-8b0a-30f734bedfb6.jpeg,2550,,,,,c6a68ef6-dc9c-42dc-8b0a-30f734bedfb6,,"Купить кружку, Купить посуду, заказать кружку, закзать посуду, купить кружку ручной работы"
a3a3dc61-1fdc-4d1f-906f-e764dfd87757,Фундук;Без коллекции;синий,Это точно знак,,,https://ikondor.github.io/mawave/output/%D0%AD%D1%82%D0%BE%20%D1%82%D0%BE%D1%87%D0%BD%D0%BE%20%D0%B7%D0%BD%D0%B0%D0%BA:2350:%D0%A4%D1%83%D0%BD%D0%B4%D1%83%D0%BA;%D0%91%D0%B5%D0%B7%20%D0%BA%D0%BE%D0%BB%D0%BB%D0%B5%D0%BA%D1%86%D0%B8%D0%B8;%D1%81%D0%B8%D0%BD%D0%B8%D0%B9:a3a3dc61-1fdc-4d1f-906f-e764dfd87757.jpeg,2350,,,,,a3a3dc61-1fdc-4d1f-906f-e764dfd87757,,"Купить кружку, Купить посуду, заказать кружку, закзать посуду, купить кружку ручной работы"
59af3f34-ae0b-4c6f-ae8f-17b8e6070b9b,Груша;18+;бежевый;-,Эхэй,,,https://ikondor.github.io/mawave/output/%D0%AD%D1%85%D1%8D%D0%B9:2250:%D0%93%D1%80%D1%83%D1%88%D0%B0;18+;%D0%B1%D0%B5%D0%B6%D0%B5%D0%B2%D1%8B%D0%B9;-:59af3f34-ae0b-4c6f-ae8f-17b8e6070b9b.jpeg,2250,,,,,59af3f34-ae0b-4c6f-ae8f-17b8e6070b9b,,"Купить кружку, Купить посуду, заказать кружку, закзать посуду, купить кружку ручной работы"
d48be9f9-475a-4f73-9589-312caa9e51af,Груша;18+;бежевый,Эхэй,,,https://ikondor.github.io/mawave/output/%D0%AD%D1%85%D1%8D%D0%B9:2250:%D0%93%D1%80%D1%83%D1%88%D0%B0;18+;%D0%B1%D0%B5%D0%B6%D0%B5%D0%B2%D1%8B%D0%B9:d48be9f9-475a-4f73-9589-312caa9e51af.jpeg,2250,,,,,d48be9f9-475a-4f73-9589-312caa9e51af,,"Купить кружку, Купить посуду, заказать кружку, закзать посуду, купить кружку ручной работы"
88f1b127-df63-4bd7-8dc6-a469cc1c93d7,Груша;18+;коричневый,Эхэй,,,https://ikondor.github.io/mawave/output/%D0%AD%D1%85%D1%8D%D0%B9:2250:%D0%93%D1%80%D1%83%D1%88%D0%B0;18+;%D0%BA%D0%BE%D1%80%D0%B8%D1%87%D0%BD%D0%B5%D0%B2%D1%8B%D0%B9:88f1b127-df63-4bd7-8dc6-a469cc1c93d7.jpeg,2250,,,,,88f1b127-df63-4bd7-8dc6-a469cc1c93d7,,"Купить кружку, Купить посуду, заказать кружку, закзать посуду, купить кружку ручной работы"
59e9f05a-7b29-4521-9f6e-6fd9a8426144,Груша;18+;синий;коричневый,Эхэй,,,https://ikondor.github.io/mawave/output/%D0%AD%D1%85%D1%8D%D0%B9:2250:%D0%93%D1%80%D1%83%D1%88%D0%B0;18+;%D1%81%D0%B8%D0%BD%D0%B8%D0%B9;%D0%BA%D0%BE%D1%80%D0%B8%D1%87%D0%BD%D0%B5%D0%B2%D1%8B%D0%B9:59e9f05a-7b29-4521-9f6e-6fd9a8426144.jpeg,2250,,,,,59e9f05a-7b29-4521-9f6e-6fd9a8426144,,"Купить кружку, Купить посуду, заказать кружку, закзать посуду, купить кружку ручной работы"
d8bf41fe-0316-4ea7-b32c-212567b9f623,Цилиндр;18+;бежевый,Эхэй,,,https://ikondor.github.io/mawave/output/%D0%AD%D1%85%D1%8D%D0%B9:2350:%D0%A6%D0%B8%D0%BB%D0%B8%D0%BD%D0%B4%D1%80;18+;%D0%B1%D0%B5%D0%B6%D0%B5%D0%B2%D1%8B%D0%B9:d8bf41fe-0316-4ea7-b32c-212567b9f623.jpeg,2350,,,,,d8bf41fe-0316-4ea7-b32c-212567b9f623,,"Купить кружку, Купить посуду, заказать кружку, закзать посуду, купить кружку ручной работы"
f2aac0d7-f4a9-4421-ad24-cebbb4e5c62a,Конус;18+;бежевый,Эхэй,,,https://ikondor.github.io/mawave/output/%D0%AD%D1%85%D1%8D%D0%B9:2500:%D0%9A%D0%BE%D0%BD%D1%83%D1%81;18+;%D0%B1%D0%B5%D0%B6%D0%B5%D0%B2%D1%8B%D0%B9:f2aac0d7-f4a9-4421-ad24-cebbb4e5c62a.jpeg,2500,,,,,f2aac0d7-f4a9-4421-ad24-cebbb4e5c62a,,"Купить кружку, Купить посуду, заказать кружку, закзать посуду, купить кружку ручной работы"
283b654f-732e-4218-9fb0-5bfcd16f1646,Конус;Без коллекции;синий;зелёный,Я колдую,,,https://ikondor.github.io/mawave/output/%D0%AF%20%D0%BA%D0%BE%D0%BB%D0%B4%D1%83%D1%8E:2350:%D0%9A%D0%BE%D0%BD%D1%83%D1%81;%D0%91%D0%B5%D0%B7%20%D0%BA%D0%BE%D0%BB%D0%BB%D0%B5%D0%BA%D1%86%D0%B8%D0%B8;%D1%81%D0%B8%D0%BD%D0%B8%D0%B9;%D0%B7%D0%B5%D0%BB%D1%91%D0%BD%D1%8B%D0%B9:283b654f-732e-4218-9fb0-5bfcd16f1646.jpeg,2350,,,,,283b654f-732e-4218-9fb0-5bfcd16f1646,,"Купить кружку, Купить посуду, заказать кружку, закзать посуду, купить кружку ручной работы"
11f89b80-d476-446d-a6ec-f401d6c106a9,цилиндр;сердечки;18+;белый,Я сегодня молодец,,,https://ikondor.github.io/mawave/output/%D0%AF%20%D1%81%D0%B5%D0%B3%D0%BE%D0%B4%D0%BD%D1%8F%20%D0%BC%D0%BE%D0%BB%D0%BE%D0%B4%D0%B5%D1%86:2550:%D1%86%D0%B8%D0%BB%D0%B8%D0%BD%D0%B4%D1%80;%D1%81%D0%B5%D1%80%D0%B4%D0%B5%D1%87%D0%BA%D0%B8;18+;%D0%B1%D0%B5%D0%BB%D1%8B%D0%B9:11f89b80-d476-446d-a6ec-f401d6c106a9.jpeg,2550,,,,,11f89b80-d476-446d-a6ec-f401d6c106a9,,"Купить кружку, Купить посуду, заказать кружку, закзать посуду, купить кружку ручной работы"
e02df9c1-6748-415f-811e-e94c8f437172,Цилиндр;Без коллекции;розовый,вип-кошечка,,,https://ikondor.github.io/mawave/output/%D0%B2%D0%B8%D0%BF-%D0%BA%D0%BE%D1%88%D0%B5%D1%87%D0%BA%D0%B0:2350:%D0%A6%D0%B8%D0%BB%D0%B8%D0%BD%D0%B4%D1%80;%D0%91%D0%B5%D0%B7%20%D0%BA%D0%BE%D0%BB%D0%BB%D0%B5%D0%BA%D1%86%D0%B8%D0%B8;%D1%80%D0%BE%D0%B7%D0%BE%D0%B2%D1%8B%D0%B9:e02df9c1-6748-415f-811e-e94c8f437172.jpeg,2350,,,,,e02df9c1-6748-415f-811e-e94c8f437172,,"Купить кружку, Купить посуду, заказать кружку, закзать посуду, купить кружку ручной работы"
316bc760-412d-4d26-884c-f7d92853b23a,пивная;Для него;синий,кружка антистресс,,,https://ikondor.github.io/mawave/output/%D0%BA%D1%80%D1%83%D0%B6%D0%BA%D0%B0%20%D0%B0%D0%BD%D1%82%D0%B8%D1%81%D1%82%D1%80%D0%B5%D1%81%D1%81:2500:%D0%BF%D0%B8%D0%B2%D0%BD%D0%B0%D1%8F;%D0%94%D0%BB%D1%8F%20%D0%BD%D0%B5%D0%B3%D0%BE;%D1%81%D0%B8%D0%BD%D0%B8%D0%B9:316bc760-412d-4d26-884c-f7d92853b23a.jpeg,2500,,,,,316bc760-412d-4d26-884c-f7d92853b23a,,"Купить кружку, Купить посуду, заказать кружку, закзать посуду, купить кружку ручной работы"
4a153cfa-78fc-4e3b-8fdd-21b02942ecc7,Цилиндр;Духовная коллекция;белый,что излучаешь - то получаешь,,,https://ikondor.github.io/mawave/output/%D1%87%D1%82%D0%BE%20%D0%B8%D0%B7%D0%BB%D1%83%D1%87%D0%B0%D0%B5%D1%88%D1%8C%20-%20%D1%82%D0%BE%20%D0%BF%D0%BE%D0%BB%D1%83%D1%87%D0%B0%D0%B5%D1%88%D1%8C:2350:%D0%A6%D0%B8%D0%BB%D0%B8%D0%BD%D0%B4%D1%80;%D0%94%D1%83%D1%85%D0%BE%D0%B2%D0%BD%D0%B0%D1%8F%20%D0%BA%D0%BE%D0%BB%D0%BB%D0%B5%D0%BA%D1%86%D0%B8%D1%8F;%D0%B1%D0%B5%D0%BB%D1%8B%D0%B9:4a153cfa-78fc-4e3b-8fdd-21b02942ecc7.jpeg,2350,,,,,4a153cfa-78fc-4e3b-8fdd-21b02942ecc7,,"Купить кружку, Купить посуду, заказать кружку, закзать посуду, купить кружку ручной работы"
